Billie,Tinnes,billie@tinnes.com,2128895775,D & M Plywood Inc,password,password
Zackary,Mockus,zackary@mockus.com,7324420638,Metropolitan Elevator Co,password,password
Rosemarie,Fifield,rosemarie@fifield.com,8088368966,Technology Services,password,password
Bernard,Laboy,bernard@laboy.com,8154670487,Century 21 Keewaydin Prop,password,password
Sue,Haakinson,sue@haakinson.com,6029532753,Kim Peacock Beringhause,password,password
Valerie,Pou,valerie@pou.com,6103958743,Sea Port Record One Stop Inc,password,password
Lashawn,Hasty,lashawn@hasty.com,6269606738,Kpff Consulting Engineers,password,password
Marianne,Earman,marianne@earman.com,4078570431,Albers Technologies Corp,password,password
Justina,Dragaj,justina@dragaj.com,9013275336,"Uchner, David D Esq",password,password
Mandy,Mcdonnell,mandy@mcdonnell.com,5033718219,Southern Vermont Surveys,password,password
Conrad,Lanfear,conrad@lanfear.com,3307580314,"Kahler, Karen T Esq",password,password
Cyril,Behen,cyril@behen.com,7147725050,National Paper & Envelope Corp,password,password
Shelley,Groden,shelley@groden.com,2102293017,"Norton, Robert L Esq",password,password
Rosalind,Krenzke,rosalind@krenzke.com,7635374194,Waldein Manufacturing,password,password
Davis,Brevard,davis@brevard.com,3305336346,Transit Trading Corp,password,password
Winnie,Reich,winnie@reich.com,9157712730,Pacific Seating Co,password,password
Trudy,Worlds,trudy@worlds.com,6612573083,"Shapiro, Mark R Esq",password,password
Deshawn,Inafuku,deshawn@inafuku.com,368848433,Telair Div Of Teleflex Inc,password,password
Claudio,Loose,claudio@loose.com,7324428514,Audiotek Electronics,password,password
Sal,Pindell,sal@pindell.com,8124214804,"Wrigley, Robert I Esq",password,password
Cristina,Sharper,cristina@sharper.com,2127193952,Tax Office,password,password
Cary,Mccamey,cary@mccamey.com,6142250900,Williams Scotsman,password,password
Haley,Rocheford,haley@rocheford.com,3036897729,"Davis, Robert L Esq",password,password
Dorothea,Sweem,dorothea@sweem.com,6098965871,"Ehrmann, Rolfe F Esq",password,password
Fannie,Steese,fannie@steese.com,8502228103,"Chiapete, W Richard Esq",password,password
Allyson,Gillispie,allyson@gillispie.com,6095841794,De Friese Theo & Sons,password,password
Roger,Seid,roger@seid.com,8504221535,"Yoshida, Gerald C Esq",password,password
Dollie,Daquino,dollie@daquino.com,5124789636,Jd Edwards & Co,password,password
Eva,Seahorn,eva@seahorn.com,6036736072,Saunders Appraisal Inc,password,password
Mamie,Mcintee,mamie@mcintee.com,7074430621,"Jacobs, Brian Realtor",password,password
Lyndon,Bellerdine,lyndon@bellerdine.com,4157051956,A B C Lock & Key,password,password
Lashonda,Derouen,lashonda@derouen.com,7036843394,Travel Agent Magazine,password,password
Jacklyn,Emayo,jacklyn@emayo.com,9738823960,Super 8 Motel Temple,password,password
Rubin,Crotts,rubin@crotts.com,7603270337,"Misko, Charles G Esq",password,password
Boris,Catino,boris@catino.com,7576278408,Dream Homes Usa Inc,password,password
Jannie,Bowditch,jannie@bowditch.com,8167650961,Lindsays Landing Rv Pk & Mrna,password,password
Colin,Altonen,colin@altonen.com,3032925477,"Smith, Arthur D Esq",password,password
Kerry,Evertt,kerry@evertt.com,4073329851,Washington Crossing Inn,password,password
Kathie,Argenti,kathie@argenti.com,2188289253,Microtel Franchise & Dev Corp,password,password
Henrietta,Cintora,henrietta@cintora.com,3047435440,"Keyes, Judith Droz Esq",password,password
Mariano,Maury,mariano@maury.com,7323881579,Donut & Sandwich Shop,password,password
Lottie,Voll,lottie@voll.com,5413427282,"Mason, Joseph G Esq",password,password
Ofelia,Sheffler,ofelia@sheffler.com,8054837161,Rimpsey Agency,password,password
Gaston,Cieloszyk,gaston@cieloszyk.com,7244790355,Center For Hope Hospice Inc,password,password
Karla,Ken,karla@ken.com,8159680369,Nicollet Process Engineering,password,password
Avery,Parbol,avery@parbol.com,5036661948,"Schlackman, William H",password,password
John,Chipley,john@chipley.com,2012247741,Manpower Temporary Services,password,password
Luella,Pliner,luella@pliner.com,8504342521,United Waste Systems,password,password
Elvira,Blumenthal,elvira@blumenthal.com,3195246237,Stell Mortgage Investors,password,password
Tyree,Courrege,tyree@courrege.com,7136909216,Stitch Craft,password,password
Ramon,Amaral,ramon@amaral.com,3073322667,Air Academy Federal Credit Un,password,password
Wilfredo,Gidley,wilfredo@gidley.com,8089242610,"Mclaughlin, John F Esq",password,password
Gracie,Ehn,gracie@ehn.com,8082478624,P C Systems,password,password
Dorthy,Alexy,dorthy@alexy.com,8082474421,Frank Siviglia & Co,password,password
Bertie,Luby,bertie@luby.com,8082478062,"Puckett, Dennis L Esq",password,password
Rudy,Kuhle,rudy@kuhle.com,2126289987,General Insurcorp Inc,password,password
Gale,Nolau,gale@nolau.com,6072771567,"Lust, C James Esq",password,password
Kenya,Bruni,kenya@bruni.com,2016469077,"Hurley, Thomas J Jr",password,password
Tricia,Kruss,tricia@kruss.com,5152623267,"Edwards, Elwood L",password,password
Mack,Jurasin,mack@jurasin.com,5409804958,"Sherman, Michael D Esq",password,password
Margarito,Kornbau,margarito@kornbau.com,5124780371,Acker Knitting Mills Inc,password,password
Lucien,Iurato,lucien@iurato.com,7188717952,Anderson Consulting,password,password
Jarvis,Galas,jarvis@galas.com,9122368524,Younghans & Burke,password,password
Billie,Cowley,billie@cowley.com,2155480842,"Spears, Robert M Esq",password,password
Jacinto,Gawron,jacinto@gawron.com,2152970120,Matt Kokkonen Insurance Agency,password,password